ID for Table,Diagnosis,Age,Race,ICV,WMV,CV,SCV,HVLT L,HVLT D,BTA,KBIT2,BFRT,BFM,Genotype1,Genotype2
LND 1,LND,19,White,1557784.48,308798.62,417390.49,53929,14,3,2,69,14,44.5,,
LND 2,LND,35,White,1556479.26,412944.45,444047.3,52694,9,0,8,65,13,90,c.611A>G,p.his204arg
LND 3,LND,30,White,1458701.28,369914.61,452618.71,48039,16,8,5,72,24,63,c.140A>G,p.glu47gly
LND 4,LND,16,White,1363937.65,365334.91,509472.08,54585,7,3,0,59,20,59,c.532+5G>A,
LND 5,LND,30,Black,1329258.3,374297.95,429357.3,51727,10,3,0,44,10,96,,
LND 6,LND,45,White,1316296.94,341840.86,399661.04,43824,9,1,1,51,14,86.5,c.373_374dupTT,c.371insTT
LND 7,LND,19,White,1244685.67,294385.78,459930.6,50752,2,0,0,41,13,67.5,c.532+5G>A,
LNV 1,LNV,23,White,1585267.45,439230,481270,50840,15,3,4,72,15,61.5,c.27+1G>T,
LNV 2,LNV,50,White,1481440.37,416612,456028,49945,27,5,9,66,21,2,c.239A>T,p.Asp80Val
LNV 3,LNV,28,White,1480587.67,416063.85,495509.32,51942,21,7,7,67,17,6,c.601G>A,p.asp201asn
LNV 4,LNV,33,White,1456724.58,402354.06,431339.88,53771,16,6,4,64,18,47.5,c.3G>A,p.met1ile
LNV 5,LNV,42,White,1441773.29,432748.74,425625.73,50482,19,7,8,84,20,13.5,c.143G>A,p.arg48his
LNV 6,LNV,68,White,1343562.32,370261.25,375573.2,41529,10,4,6,69,19,12.5,c.500G>T,p.arg167met
LNV 7,LNV,45,Black,1293479.19,364191.53,369675.65,52884,6,1,1,42,9,56.5,c.148G>C,p.ala50pro
HC 1,HC,26,White,1848485.41,551952.25,598023.53,66106,36,12,20,,,,,
HC 2,HC,61,White,1790255.65,542470.5,513026.19,61555,25,11,16,,,,,
HC 3,HC,16,White,1695808.31,468249.35,611123.19,65102,30,10,18,87,19,0,,
HC 4,HC,52,White,1636443.96,499496,487208,59513,34,12,19,116,26,3,,
HC 5,HC,52,White,1615501,492510,491837,59157,25,11,20,,,,,
HC 6,HC,47,Black,1580313.55,470770.83,499648.53,61297,22,7,20,101,24,0,,
HC 7,HC,33,White,1550057.45,465962.76,503832.69,58500,28,9,20,104,25,0,,
HC 8,HC,48,White,1527849.74,473614.44,471069.68,55895,28,8,16,,,,,
HC 9,HC,18,White,1499584.37,419524.71,541441.57,59003,24,9,18,113,23,1,,
HC 10,HC,25,Hispanic,1460833,418744.43,456161.54,54298,24,4,19,122,25,0,,
